<?xml version="1.0" encoding="UTF-8" standalone="yes"?>
<addon id="plugin.audio.fbi.radio" name="FBi Radio" version="1.0.4" provider-name="teeedubb">
  <requires>
    <import addon="xbmc.python" version="3.0.0"/>
  </requires>
  <extension point="xbmc.python.pluginsource" library="default.py"> 
     <provides>audio</provides> 
  </extension> 
  <extension point="xbmc.addon.metadata">
    <summary lang="en">FBi online radio stream.</summary>
    <description lang="en">Stream FBi radio online. See: http://fbiradio.com</description>
    <platform>all</platform>
    <language>en</language>
    <license>GNU GENERAL PUBLIC LICENSE. Version 2, June 1991</license>
    <forum>http://forum.xbmc.org/showthread.php?tid=184488</forum>
    <website>http://forum.xbmc.org/showthread.php?tid=184488</website>
    <source>https://github.com/teeedubb</source>
    <email></email>
    <assets>
        <icon>icon.png</icon>
		<fanart>fanart.jpg</fanart>
    </assets>
  </extension>
</addon>
