<?xml version="1.0" encoding="UTF-8" standalone="yes"?>
<addon id="script.audio.triple.j" name="Triple J" version="0.0.2" provider-name="teeedubb">
  <requires>
    <import addon="xbmc.python" version="2.1.0"/>
  </requires>
  <extension point="xbmc.python.script" library="default.py"> 
     <provides>audio</provides> 
  </extension> 
  <extension point="xbmc.addon.metadata">
    <summary lang="en">Triple J online radio stream.</summary>
    <platform>all</platform>
    <language>en</language>
  </extension>
</addon>
