<?xml version="1.0" encoding="UTF-8" standalone="yes"?>
<addon id="service.hyper.launcher" name="Hyper Launcher Service" version="1.2.0" provider-name="teeedubb">
  <requires>
    <import addon="xbmc.python" version="2.1.0"/>
    <import addon="plugin.hyper.launcher" version="0.0.1"/>
  </requires>
  <extension point="xbmc.service"
             library="default.py" start="startup">
  </extension>
  <extension point="xbmc.addon.metadata">
    <summary lang="en">Hyper Launcher service addon</summary>
    <description lang="en">Hyper Launcher service addon</description>
    <platform>all</platform>
	<language>en</language>
	<license>GNU GENERAL PUBLIC LICENSE. Version 2, June 1991</license>
	<forum>http://forum.kodi.tv/showthread.php?tid=258159</forum>
	<website>http://forum.kodi.tv/showthread.php?tid=258159</website>
	<source>https://github.com/teeedubb/teeedubb-xbmc-repo/tree/master/plugin.hyper.launcher</source>
	<email></email>
  </extension>
</addon>