<?xml version="1.0" encoding="UTF-8" standalone="yes"?>
<addon id="plugin.hyper.launcher" name="Hyper Launcher" version="1.0.0" provider-name="teeedubb">
    <requires>
        <import addon="xbmc.python" version="2.1.0"/>
    </requires>
    <extension point="xbmc.python.pluginsource" library="default.py">
        <provides>game executable video</provides>
    </extension>
    <extension point="xbmc.addon.metadata">
        <summary lang="en">Hyper Launcher</summary>
        <description lang="en">A emulator launcher that utilises HyperSpin meta-data.</description>
        <platform>all</platform>
        <language>en</language>
        <license>GNU GENERAL PUBLIC LICENSE. Version 2, June 1991</license>
        <forum></forum>
        <website></website>
        <source></source>
        <email></email>
    </extension>
</addon>
