<?xml version="1.0" encoding="UTF-8" standalone="yes"?>
<addon id="script.reboot2oos-oe" name="Games" version="0.2.1" provider-name="teeedubb">
  <requires>
    <import addon="xbmc.python" version="2.1.0"/>
  </requires>
  <extension point="xbmc.python.script" library="default.py"> 
     <provides>executable</provides> 
  </extension> 
  <extension point="xbmc.addon.metadata">
    <summary lang="en">Reboot to another OS once then reboot back into the default OS.</summary>
    <description lang="en">Reboot to another OS once then reboot back into the default OS. Linux Only. Requires GRUB and manual editing of config files - See README.txt.</description>
    <platform>linux</platform>
    <language>en</language>
  </extension>
</addon>
