<?xml version="1.0" encoding="UTF-8" standalone="yes"?>
<addon id="script.netflix.launcher" name="Netflix" version="0.0.1" provider-name="teeedubb">
  <requires>
    <import addon="xbmc.python" version="2.1.0"/>
  </requires>
  <extension point="xbmc.python.script" library="default.py"> 
     <provides>video</provides> 
  </extension> 
  <extension point="xbmc.addon.metadata">
    <summary lang="en">Launches Netflix.</summary>
    <description lang="en">Launches Netflix</description>
    <platform>windx</platform>
    <language>en</language>
  </extension>
</addon>
