<?xml version="1.0" encoding="UTF-8" standalone="yes"?>
<addon id="script.steam.launcher" name="Steam" version="3.2.1" provider-name="teeedubb">
    <requires>
        <import addon="xbmc.python" version="2.19.0"/>
    </requires>
    <extension point="xbmc.python.script" library="default.py">
        <provides>game executable</provides>
    </extension>
    <extension point="xbmc.addon.metadata">
        <summary lang="en">Launches Steam in Big Picture mode from within Kodi.</summary>
        <description lang="en">Launches Steam in BPM from within Kodi - Includes various options for Kodi with the option to run programs pre/post Steam. It works with Windows, Linux, OSX and Android. Each OS has different settings available.</description>
        <platform>linux windx osx android</platform>
        <language>en</language>
        <license>GNU GENERAL PUBLIC LICENSE. Version 2, June 1991</license>
        <forum>http://forum.kodi.tv/showthread.php?tid=157499</forum>
        <website>http://forum.kodi.tv/showthread.php?tid=157499</website>
        <source>https://github.com/teeedubb</source>
        <email></email>
		<donate>RPB9WP39AVYFS</donate>
		<assets>
			<icon>icon.png</icon>
			<fanart>fanart.jpg</fanart>
			<screenshot>resources/screenshot-01.jpg</screenshot>
			<screenshot>resources/screenshot-02.jpg</screenshot>
			<screenshot>resources/screenshot-03.jpg</screenshot>
			<banner>resources/banner.jpg</banner>
			<logo>resources/logo.png</logo>
		</assets>
    </extension>
</addon>
