<?xml version="1.0" encoding="UTF-8" standalone="yes"?>
<addon id="plugin.hyper.launcher" name="Hyper Launcher" version="1.1.9" provider-name="teeedubb">
    <requires>
        <import addon="xbmc.python" version="2.1.0"/>
    </requires>
    <extension point="xbmc.python.pluginsource" library="default.py">
        <provides>video</provides>
    </extension>
    <extension point="xbmc.addon.metadata">
        <summary lang="en">Hyper Launcher</summary>
        <description lang="en">A ROM launcher that utilises HyperSpin assets.</description>
        <platform>all</platform>
        <language>en</language>
        <license>GNU GENERAL PUBLIC LICENSE. Version 2, June 1991</license>
        <forum>http://forum.kodi.tv/showthread.php?tid=258159</forum>
        <website>http://forum.kodi.tv/showthread.php?tid=258159</website>
        <source>https://github.com/teeedubb/teeedubb-xbmc-repo/tree/master/plugin.hyper.launcher</source>
        <email></email>
    </extension>
</addon>
